feedback,date
The customer service team was absolutely amazing and resolved my issue in minutes!,2024-01-15
The platform is intuitive and easy to use. Very impressed with the features.,2024-01-16
Had a minor issue with billing but support fixed it quickly. Happy customer!,2024-01-17
The app is decent but could use better performance optimization. Takes too long to load.,2024-01-18
Terrible experience. Been trying to cancel my subscription for 2 weeks with no response.,2024-01-19
Great product for the price. Worth every penny!,2024-01-20
The UI could be improved. Some features are hard to find.,2024-01-21
Excellent support team! Went above and beyond to help me. Highly recommend!,2024-01-22
Site keeps going down. Very unreliable service. Looking for alternatives.,2024-01-23
Perfect solution for our business needs. Couldn't ask for more!,2024-01-24
